"Date","Open","High","Low","Close","% Change","% Change vs Average","Volume"
"2014-12-01T05:00:00.000Z","6,722.62","6,753.19","6,637.39","6,742.84","0.3008","0.2350","346,594"
"2014-12-08T05:00:00.000Z","6,742.84","6,742.84","6,297.44","6,300.63","-6.56","-6.62","370,843"
"2014-12-15T05:00:00.000Z","6,300.63","6,566.90","6,144.72","6,545.27","3.88","3.82","491,650"
"2014-12-22T05:00:00.000Z","6,545.27","6,620.95","6,545.27","6,609.93","0.9879","0.9221","115,195"
"2014-12-29T05:00:00.000Z","6,609.93","6,651.96","6,510.60","6,547.80","-0.9400","-1.01","121,796"
"2015-01-05T05:00:00.000Z","6,547.80","6,580.82","6,328.59","6,501.14","-0.7126","-0.7784","392,464"
"2015-01-12T05:00:00.000Z","6,501.14","6,558.83","6,298.15","6,550.27","0.7557","0.6899","415,766"
"2015-01-19T05:00:00.000Z","6,550.27","6,841.73","6,548.00","6,832.83","4.31","4.25","394,470"
"2015-01-26T05:00:00.000Z","6,832.83","6,864.97","6,749.40","6,749.40","-1.22","-1.29","372,033"
"2015-02-02T05:00:00.000Z","6,749.40","6,886.31","6,731.99","6,853.44","1.54","1.48","392,079"
"2015-02-09T05:00:00.000Z","6,853.44","6,887.57","6,777.99","6,873.52","0.2930","0.2272","367,008"
"2015-02-16T05:00:00.000Z","6,873.52","6,921.32","6,819.78","6,915.20","0.6064","0.5406","320,816"
"2015-02-23T05:00:00.000Z","6,915.20","6,967.24","6,885.89","6,946.66","0.4549","0.3891","399,066"
"2015-03-02T05:00:00.000Z","6,946.66","6,974.26","6,862.87","6,911.80","-0.5018","-0.5676","397,005"
"2015-03-09T04:00:00.000Z","6,911.80","6,911.80","6,693.80","6,740.58","-2.48","-2.54","398,010"
"2015-03-16T04:00:00.000Z","6,740.58","7,024.21","6,740.58","7,022.51","4.18","4.12","458,082"
"2015-03-23T04:00:00.000Z","7,022.51","7,065.08","6,839.88","6,855.02","-2.39","-2.45","380,713"
"2015-03-30T04:00:00.000Z","6,855.02","6,914.60","6,765.05","6,833.46","-0.3145","-0.3803","299,040"
"2015-04-06T04:00:00.000Z","6,833.46","7,095.36","6,833.46","7,089.77","3.75","3.68","316,511"
"2015-04-13T04:00:00.000Z","7,089.77","7,119.35","6,979.32","6,994.63","-1.34","-1.41","362,095"
"2015-04-20T04:00:00.000Z","6,994.63","7,105.13","6,994.63","7,070.70","1.09","1.02","364,481"
"2015-04-27T04:00:00.000Z","7,070.70","7,122.74","6,906.24","6,985.95","-1.20","-1.26","411,054"
"2015-05-04T04:00:00.000Z","6,985.95","7,053.18","6,810.05","7,046.82","0.8713","0.8055","436,406"
"2015-05-11T04:00:00.000Z","7,046.82","7,083.72","6,884.63","6,960.49","-1.23","-1.29","384,881"
"2015-05-18T04:00:00.000Z","6,960.49","7,061.66","6,931.64","7,031.72","1.02","0.9575","350,920"
"2015-05-25T04:00:00.000Z","7,031.72","7,069.93","6,930.28","6,984.43","-0.6725","-0.7383","320,012"
"2015-06-01T04:00:00.000Z","6,984.43","7,037.58","6,785.15","6,804.60","-2.57","-2.64","391,504"
"2015-06-08T04:00:00.000Z","6,804.60","6,870.19","6,734.15","6,784.92","-0.2892","-0.3550","341,279"
"2015-06-15T04:00:00.000Z","6,784.92","6,784.92","6,625.16","6,710.45","-1.10","-1.16","409,156"
"2015-06-22T04:00:00.000Z","6,710.45","6,873.43","6,710.45","6,753.70","0.6445","0.5787","334,903"
"2015-06-29T04:00:00.000Z","6,753.70","6,753.70","6,520.98","6,585.78","-2.49","-2.55","358,112"
"2015-07-06T04:00:00.000Z","6,585.78","6,687.57","6,430.36","6,673.38","1.33","1.26","387,020"
"2015-07-13T04:00:00.000Z","6,673.38","6,805.14","6,673.38","6,775.08","1.52","1.46","303,114"
"2015-07-20T04:00:00.000Z","6,775.08","6,813.41","6,573.96","6,579.81","-2.88","-2.95","303,616"
"2015-07-27T04:00:00.000Z","6,579.81","6,705.42","6,495.67","6,696.28","1.77","1.70","402,359"
"2015-08-03T04:00:00.000Z","6,696.28","6,764.82","6,644.65","6,718.49","0.3317","0.2659","434,393"
"2015-08-10T04:00:00.000Z","6,718.49","6,751.49","6,536.41","6,550.74","-2.50","-2.56","392,092"
"2015-08-17T04:00:00.000Z","6,550.74","6,585.88","6,187.65","6,187.65","-5.54","-5.61","334,490"
"2015-08-24T04:00:00.000Z","6,187.65","6,247.94","5,768.22","6,247.94","0.9744","0.9085","606,394"
"2015-08-31T04:00:00.000Z","6,247.94","6,247.94","6,021.36","6,042.92","-3.28","-3.35","334,818"
"2015-09-07T04:00:00.000Z","6,042.92","6,284.17","6,042.92","6,117.76","1.24","1.17","327,858"
"2015-09-14T04:00:00.000Z","6,117.76","6,244.94","6,019.92","6,104.11","-0.2231","-0.2889","460,429"
"2015-09-21T04:00:00.000Z","6,104.11","6,168.74","5,933.23","6,109.01","0.0803","0.0145","419,578"
"2015-09-28T04:00:00.000Z","6,109.01","6,176.20","5,877.08","6,129.98","0.3433","0.2775","484,070"
"2015-10-05T04:00:00.000Z","6,129.98","6,453.22","6,129.98","6,416.16","4.67","4.60","415,446"
"2015-10-12T04:00:00.000Z","6,416.16","6,416.16","6,268.29","6,378.04","-0.5941","-0.6599","316,890"
"2015-10-19T04:00:00.000Z","6,378.04","6,487.89","6,316.30","6,444.08","1.04","0.9696","317,439"
"2015-10-26T04:00:00.000Z","6,444.08","6,453.00","6,337.65","6,361.09","-1.29","-1.35","342,944"
"2015-11-02T05:00:00.000Z","6,361.09","6,459.46","6,317.29","6,353.83","-0.1141","-0.1799","338,845"
"2015-11-09T05:00:00.000Z","6,353.83","6,380.42","6,088.76","6,118.28","-3.71","-3.77","361,885"
"2015-11-16T05:00:00.000Z","6,118.28","6,366.85","6,079.79","6,334.63","3.54","3.47","357,979"
"2015-11-23T05:00:00.000Z","6,334.63","6,395.33","6,221.33","6,375.15","0.6397","0.5738","313,216"
"2015-11-30T05:00:00.000Z","6,375.15","6,447.34","6,219.50","6,238.29","-2.15","-2.21","374,894"
"2015-12-07T05:00:00.000Z","6,238.29","6,287.23","5,949.84","5,952.78","-4.58","-4.64","384,356"
"2015-12-14T05:00:00.000Z","5,952.78","6,160.78","5,871.88","6,052.42","1.67","1.61","443,583"
"2015-12-21T05:00:00.000Z","6,052.42","6,259.86","6,031.82","6,254.64","3.34","3.28","170,805"
"2015-12-28T05:00:00.000Z","6,254.64","6,314.57","6,233.03","6,242.32","-0.1970","-0.2628","96,669"
"2016-01-04T05:00:00.000Z","6,242.32","6,242.32","5,887.97","5,912.44","-5.28","-5.35","399,425"
"2016-01-11T05:00:00.000Z","5,912.44","6,011.13","5,769.23","5,804.10","-1.83","-1.90","472,597"
"2016-01-18T05:00:00.000Z","5,804.10","5,926.94","5,639.88","5,900.01","1.65","1.59","467,039"
"2016-01-25T05:00:00.000Z","5,900.01","6,083.79","5,771.37","6,083.79","3.11","3.05","454,658"
"2016-02-01T05:00:00.000Z","6,083.79","6,115.11","5,791.04","5,848.06","-3.87","-3.94","491,509"
"2016-02-08T05:00:00.000Z","5,848.06","5,882.43","5,499.51","5,707.60","-2.40","-2.47","528,928"
"2016-02-15T05:00:00.000Z","5,707.60","6,036.46","5,707.60","5,950.23","4.25","4.19","394,727"
"2016-02-22T05:00:00.000Z","5,950.23","6,115.37","5,845.55","6,096.01","2.45","2.38","426,307"
"2016-02-29T05:00:00.000Z","6,096.01","6,204.14","6,033.21","6,199.43","1.70","1.63","454,878"
"2016-03-07T05:00:00.000Z","6,199.43","6,216.10","6,036.70","6,139.79","-0.9620","-1.03","426,775"
"2016-03-14T04:00:00.000Z","6,139.79","6,237.02","6,114.77","6,189.64","0.8119","0.7461","405,147"
"2016-03-21T04:00:00.000Z","6,189.64","6,216.76","6,090.03","6,106.48","-1.34","-1.41","251,784"
"2016-03-28T04:00:00.000Z","6,106.48","6,221.80","6,070.77","6,146.05","0.6480","0.5822","289,402"
"2016-04-04T04:00:00.000Z","6,146.05","6,216.28","6,061.85","6,204.41","0.9496","0.8837","349,523"
"2016-04-11T04:00:00.000Z","6,204.41","6,373.93","6,165.46","6,343.75","2.25","2.18","383,381"
"2016-04-18T04:00:00.000Z","6,343.75","6,427.32","6,261.71","6,310.44","-0.5251","-0.5909","374,417"
"2016-04-25T04:00:00.000Z","6,310.44","6,324.60","6,224.47","6,241.89","-1.09","-1.15","401,518"
"2016-05-02T04:00:00.000Z","6,241.89","6,270.03","6,054.74","6,125.70","-1.86","-1.93","310,424"
"2016-05-09T04:00:00.000Z","6,125.70","6,193.21","6,060.10","6,138.50","0.2090","0.1431","324,067"
"2016-05-16T04:00:00.000Z","6,138.50","6,215.88","6,050.21","6,156.32","0.2903","0.2245","380,875"
"2016-05-23T04:00:00.000Z","6,156.32","6,281.73","6,109.58","6,270.79","1.86","1.79","359,993"
"2016-05-30T04:00:00.000Z","6,270.79","6,290.07","6,151.90","6,209.63","-0.9753","-1.04","376,921"
"2016-06-06T04:00:00.000Z","6,209.63","6,322.60","6,097.24","6,115.76","-1.51","-1.58","350,252"
"2016-06-13T04:00:00.000Z","6,115.76","6,115.76","5,899.97","6,021.09","-1.55","-1.61","483,360"
"2016-06-20T04:00:00.000Z","6,021.09","6,380.58","5,788.74","6,138.69","1.95","1.89","752,885"
"2016-06-27T04:00:00.000Z","6,138.69","6,587.44","5,958.66","6,577.83","7.15","7.09","826,095"
"2016-07-04T04:00:00.000Z","6,577.83","6,612.13","6,432.47","6,590.64","0.1947","0.1289","552,688"
"2016-07-11T04:00:00.000Z","6,590.64","6,743.42","6,590.64","6,669.24","1.19","1.13","495,720"
"2016-07-18T04:00:00.000Z","6,669.24","6,736.57","6,653.67","6,730.48","0.9182","0.8524","380,631"
"2016-07-25T04:00:00.000Z","6,730.48","6,780.05","6,691.03","6,724.43","-0.0899","-0.1557","433,294"
"2016-08-01T04:00:00.000Z","6,724.43","6,802.41","6,615.83","6,793.47","1.03","0.9609","423,243"
"2016-08-08T04:00:00.000Z","6,793.47","6,931.04","6,781.47","6,916.02","1.80","1.74","380,533"
"2016-08-15T04:00:00.000Z","6,916.02","6,955.34","6,840.94","6,858.95","-0.8252","-0.8910","319,276"
"2016-08-22T04:00:00.000Z","6,858.95","6,885.39","6,779.15","6,838.05","-0.3047","-0.3705","327,712"
"2016-08-29T04:00:00.000Z","6,838.05","6,928.25","6,723.21","6,894.60","0.8270","0.7612","385,909"
"2016-09-05T04:00:00.000Z","6,894.60","6,910.66","6,762.30","6,776.95","-1.71","-1.77","378,229"
"2016-09-12T04:00:00.000Z","6,776.95","6,776.95","6,654.48","6,710.28","-0.9838","-1.05","460,563"
"2016-09-19T04:00:00.000Z","6,710.28","6,937.33","6,710.28","6,909.43","2.97","2.90","366,066"
"2016-09-26T04:00:00.000Z","6,909.43","6,941.09","6,768.86","6,899.33","-0.1462","-0.2120","444,540"
"2016-10-03T04:00:00.000Z","6,899.33","7,121.93","6,898.09","7,044.39","2.10","2.04","538,836"
"2016-10-10T04:00:00.000Z","7,044.39","7,129.83","6,930.04","7,013.55","-0.4378","-0.5036","470,977"
"2016-10-17T04:00:00.000Z","7,013.55","7,058.39","6,937.43","7,020.47","0.0987","0.0329","394,813"
"2016-10-24T04:00:00.000Z","7,020.47","7,067.34","6,917.77","6,996.26","-0.3449","-0.4107","439,684"
"2016-10-31T04:00:00.000Z","6,996.26","6,996.26","6,676.56","6,693.26","-4.33","-4.40","432,529"
"2016-11-07T05:00:00.000Z","6,693.26","6,997.25","6,693.26","6,730.43","0.5553","0.4895","591,467"
"2016-11-14T05:00:00.000Z","6,730.43","6,820.52","6,730.43","6,775.77","0.6737","0.6078","478,129"
"2016-11-21T05:00:00.000Z","6,775.77","6,880.74","6,754.16","6,840.75","0.9590","0.8932","344,434"
"2016-11-28T05:00:00.000Z","6,840.75","6,845.74","6,678.74","6,730.72","-1.61","-1.67","448,907"
"2016-12-05T05:00:00.000Z","6,730.72","6,962.25","6,697.65","6,954.21","3.32","3.25","472,666"
"2016-12-12T05:00:00.000Z","6,954.21","7,038.43","6,875.43","7,011.64","0.8258","0.7600","512,097"
"2016-12-19T05:00:00.000Z","7,011.64","7,071.11","6,986.44","7,068.17","0.8062","0.7404","268,380"
"2016-12-26T05:00:00.000Z","7,068.17","7,142.83","7,060.85","7,142.83","1.06","0.9905","119,274"
"2017-01-02T05:00:00.000Z","7,142.83","7,211.96","7,142.83","7,210.05","0.9411","0.8753","309,345"
"2017-01-09T05:00:00.000Z","7,210.05","7,338.49","7,207.40","7,337.81","1.77","1.71","428,659"
"2017-01-16T05:00:00.000Z","7,337.81","7,354.14","7,191.67","7,198.44","-1.90","-1.97","392,377"
"2017-01-23T05:00:00.000Z","7,198.44","7,205.68","7,131.46","7,184.49","-0.1938","-0.2596","469,829"
"2017-01-30T05:00:00.000Z","7,184.49","7,202.37","7,093.57","7,188.30","0.0530","-0.0128","442,601"
"2017-02-06T05:00:00.000Z","7,188.30","7,274.80","7,147.18","7,258.75","0.9801","0.9143","409,958"
"2017-02-13T05:00:00.000Z","7,258.75","7,313.44","7,251.81","7,299.96","0.5677","0.5019","371,519"
"2017-02-20T05:00:00.000Z","7,299.96","7,329.56","7,192.45","7,243.70","-0.7707","-0.8365","474,190"
"2017-02-27T05:00:00.000Z","7,243.70","7,394.61","7,239.66","7,374.26","1.80","1.74","476,884"
"2017-03-06T05:00:00.000Z","7,374.26","7,374.26","7,263.62","7,343.08","-0.4228","-0.4886","454,788"
"2017-03-13T04:00:00.000Z","7,343.08","7,447.00","7,339.27","7,424.96","1.12","1.05","510,103"
"2017-03-20T04:00:00.000Z","7,424.96","7,440.85","7,301.83","7,336.82","-1.19","-1.25","389,598"
"2017-03-27T04:00:00.000Z","7,336.82","7,384.80","7,255.78","7,322.92","-0.1895","-0.2553","419,302"
"2017-04-03T04:00:00.000Z","7,322.92","7,362.59","7,258.11","7,349.37","0.3612","0.2954","406,919"
"2017-04-10T04:00:00.000Z","7,349.37","7,406.35","7,298.85","7,327.59","-0.2964","-0.3622","316,403"
"2017-04-17T04:00:00.000Z","7,327.59","7,327.59","7,096.83","7,114.55","-2.91","-2.97","390,185"
"2017-04-24T04:00:00.000Z","7,114.55","7,302.57","7,114.55","7,203.94","1.26","1.19","511,918"
"2017-05-01T04:00:00.000Z","7,203.94","7,297.43","7,203.94","7,297.43","1.30","1.23","358,471"
"2017-05-08T04:00:00.000Z","7,297.43","7,435.39","7,285.76","7,435.39","1.89","1.82","418,068"
"2017-05-15T04:00:00.000Z","7,435.39","7,533.70","7,389.26","7,470.71","0.4750","0.4092","477,693"
"2017-05-22T04:00:00.000Z","7,470.71","7,554.21","7,470.71","7,547.63","1.03","0.9638","367,579"
"2017-05-29T04:00:00.000Z","7,547.63","7,598.99","7,497.07","7,547.63","","-0.0658","435,754"
"2017-06-05T04:00:00.000Z","7,547.63","7,562.00","7,449.73","7,527.33","-0.2690","-0.3348","440,017"
"2017-06-12T04:00:00.000Z","7,527.33","7,545.07","7,377.86","7,463.54","-0.8474","-0.9133","542,741"
"2017-06-19T04:00:00.000Z","7,463.54","7,561.07","7,396.75","7,424.13","-0.5280","-0.5939","391,532"
"2017-06-26T04:00:00.000Z","7,424.13","7,480.95","7,302.71","7,312.72","-1.50","-1.57","426,658"
"2017-07-03T04:00:00.000Z","7,312.72","7,386.92","7,303.46","7,350.92","0.5224","0.4566","376,136"
"2017-07-10T04:00:00.000Z","7,350.92","7,439.08","7,304.77","7,378.39","0.3737","0.3079","394,377"
"2017-07-17T04:00:00.000Z","7,378.39","7,515.12","7,357.77","7,452.91","1.01","0.9442","335,976"
"2017-07-24T04:00:00.000Z","7,452.91","7,487.05","7,339.44","7,368.37","-1.13","-1.20","451,658"
"2017-07-31T04:00:00.000Z","7,368.37","7,519.06","7,367.86","7,511.71","1.95","1.88","399,471"
"2017-08-07T04:00:00.000Z","7,511.71","7,551.85","7,296.49","7,309.96","-2.69","-2.75","355,472"
"2017-08-14T04:00:00.000Z","7,309.96","7,444.98","7,302.47","7,323.98","0.1918","0.1260","298,559"
"2017-08-21T04:00:00.000Z","7,323.98","7,439.53","7,296.80","7,401.46","1.06","0.9921","311,117"
"2017-08-28T04:00:00.000Z","7,401.46","7,460.52","7,289.20","7,438.50","0.5004","0.4346","278,162"
"2017-09-04T04:00:00.000Z","7,438.50","7,438.50","7,322.42","7,377.60","-0.8187","-0.8845","293,667"
"2017-09-11T04:00:00.000Z","7,377.60","7,435.84","7,196.58","7,215.47","-2.20","-2.26","499,168"
"2017-09-18T04:00:00.000Z","7,215.47","7,320.28","7,215.47","7,310.64","1.32","1.25","377,839"
"2017-09-25T04:00:00.000Z","7,310.64","7,382.67","7,272.49","7,372.76","0.8497","0.7839","366,571"
"2017-10-02T04:00:00.000Z","7,372.76","7,527.72","7,372.73","7,522.87","2.04","1.97","402,548"
"2017-10-09T04:00:00.000Z","7,522.87","7,565.11","7,493.68","7,535.44","0.1671","0.1013","417,722"
"2017-10-16T04:00:00.000Z","7,535.44","7,560.04","7,485.42","7,523.23","-0.1620","-0.2278","399,998"
"2017-10-23T04:00:00.000Z","7,523.23","7,542.00","7,437.42","7,505.03","-0.2419","-0.3077","405,400"
"2017-10-30T04:00:00.000Z","7,505.03","7,580.95","7,478.41","7,560.35","0.7371","0.6713","439,459"
"2017-11-06T05:00:00.000Z","7,560.35","7,582.85","7,421.73","7,432.99","-1.68","-1.75","374,376"
"2017-11-13T05:00:00.000Z","7,432.99","7,469.30","7,356.16","7,380.68","-0.7038","-0.7696","451,369"
"2017-11-20T05:00:00.000Z","7,380.68","7,460.91","7,350.37","7,409.64","0.3924","0.3266","349,032"
"2017-11-27T05:00:00.000Z","7,409.64","7,469.61","7,288.73","7,300.49","-1.47","-1.54","495,513"
"2017-12-04T05:00:00.000Z","7,300.49","7,412.21","7,289.36","7,393.96","1.28","1.21","422,373"
"2017-12-11T05:00:00.000Z","7,393.96","7,510.77","7,393.58","7,490.57","1.31","1.24","512,608"
"2017-12-18T05:00:00.000Z","7,490.57","7,614.40","7,490.57","7,592.66","1.36","1.30","285,292"
"2017-12-25T05:00:00.000Z","7,592.66","7,697.62","7,586.42","7,687.77","1.25","1.19","109,221"
"2018-01-01T05:00:00.000Z","7,687.77","7,727.73","7,624.14","7,724.22","0.4741","0.4083","256,682"
"2018-01-08T05:00:00.000Z","7,724.22","7,792.56","7,691.77","7,778.64","0.7045","0.6387","444,811"
"2018-01-15T05:00:00.000Z","7,778.64","7,791.83","7,683.71","7,730.79","-0.6151","-0.6810","387,575"
"2018-01-22T05:00:00.000Z","7,730.79","7,745.22","7,608.53","7,665.54","-0.8440","-0.9098","375,881"
"2018-01-29T05:00:00.000Z","7,665.54","7,689.15","7,432.25","7,443.43","-2.90","-2.96","416,082"
"2018-02-05T05:00:00.000Z","7,443.43","7,443.43","7,073.03","7,092.43","-4.72","-4.78","533,137"
"2018-02-12T05:00:00.000Z","7,092.43","7,307.97","7,092.43","7,294.70","2.85","2.79","389,001"
"2018-02-19T05:00:00.000Z","7,294.70","7,306.21","7,187.76","7,244.41","-0.6894","-0.7552","379,912"
"2018-02-26T05:00:00.000Z","7,244.41","7,326.02","7,063.42","7,069.90","-2.41","-2.47","411,759"
"2018-03-05T05:00:00.000Z","7,069.90","7,225.28","7,062.13","7,224.51","2.19","2.12","406,240"
"2018-03-12T04:00:00.000Z","7,224.51","7,254.87","7,122.76","7,164.14","-0.8356","-0.9014","445,357"
"2018-03-19T04:00:00.000Z","7,164.14","7,164.19","6,876.96","6,921.94","-3.38","-3.45","409,494"
"2018-03-26T04:00:00.000Z","6,921.94","7,109.93","6,866.94","7,056.61","1.95","1.88","318,700"
"2018-04-02T04:00:00.000Z","7,056.61","7,214.02","6,971.75","7,183.64","1.80","1.73","312,887"
"2018-04-09T04:00:00.000Z","7,183.64","7,274.99","7,145.57","7,264.56","1.13","1.06","362,367"
"2018-04-16T04:00:00.000Z","7,264.56","7,368.17","7,189.85","7,368.17","1.43","1.36","413,349"
"2018-04-23T04:00:00.000Z","7,368.17","7,507.12","7,334.64","7,502.21","1.82","1.75","418,123"
"2018-04-30T04:00:00.000Z","7,502.21","7,572.98","7,492.39","7,567.14","0.8655","0.7997","409,292"
"2018-05-07T04:00:00.000Z","7,567.14","7,728.89","7,550.44","7,724.55","2.08","2.01","347,120"
"2018-05-14T04:00:00.000Z","7,724.55","7,791.41","7,687.49","7,778.79","0.7022","0.6364","452,218"
"2018-05-21T04:00:00.000Z","7,778.79","7,903.50","7,703.26","7,730.28","-0.6236","-0.6894","425,769"
"2018-05-28T04:00:00.000Z","7,730.28","7,746.73","7,610.66","7,701.77","-0.3688","-0.4346","467,698"
"2018-06-04T04:00:00.000Z","7,701.77","7,772.12","7,637.52","7,681.07","-0.2688","-0.3346","448,234"
"2018-06-11T04:00:00.000Z","7,681.07","7,793.45","7,633.91","7,633.91","-0.6140","-0.6798","534,522"
"2018-06-18T04:00:00.000Z","7,633.91","7,705.20","7,548.12","7,682.27","0.6335","0.5677","401,532"
"2018-06-25T04:00:00.000Z","7,682.27","7,706.64","7,508.32","7,636.93","-0.5902","-0.6560","537,396"
"2018-07-02T04:00:00.000Z","7,636.93","7,636.93","7,540.71","7,617.70","-0.2518","-0.3176","375,679"
"2018-07-09T04:00:00.000Z","7,617.70","7,716.24","7,578.18","7,661.87","0.5798","0.5140","359,896"
"2018-07-16T04:00:00.000Z","7,661.87","7,705.80","7,564.96","7,678.79","0.2208","0.1550","345,040"
"2018-07-23T04:00:00.000Z","7,678.79","7,740.64","7,621.75","7,701.31","0.2933","0.2275","356,406"
"2018-07-30T04:00:00.000Z","7,701.31","7,782.90","7,549.34","7,659.10","-0.5481","-0.6139","441,083"
"2018-08-06T04:00:00.000Z","7,659.10","7,790.17","7,636.60","7,667.01","0.1033","0.0375","342,355"
"2018-08-13T04:00:00.000Z","7,667.01","7,667.33","7,477.05","7,558.59","-1.41","-1.48","381,033"
"2018-08-20T04:00:00.000Z","7,558.59","7,616.15","7,531.24","7,577.49","0.2501","0.1842","288,357"
"2018-08-27T04:00:00.000Z","7,577.49","7,636.72","7,428.67","7,432.42","-1.91","-1.98","279,432"
"2018-09-03T04:00:00.000Z","7,432.42","7,535.12","7,227.07","7,277.70","-2.08","-2.15","356,762"
"2018-09-10T04:00:00.000Z","7,277.70","7,325.25","7,220.50","7,304.04","0.3619","0.2961","335,629"
"2018-09-17T04:00:00.000Z","7,304.04","7,495.26","7,267.83","7,490.23","2.55","2.48","458,588"
"2018-09-24T04:00:00.000Z","7,490.23","7,552.02","7,450.53","7,510.20","0.2666","0.2008","380,520"
"2018-10-01T04:00:00.000Z","7,510.20","7,526.20","7,318.54","7,318.54","-2.55","-2.62","402,380"
"2018-10-08T04:00:00.000Z","7,318.54","7,319.84","6,994.78","6,995.91","-4.41","-4.47","465,774"
"2018-10-15T04:00:00.000Z","6,995.91","7,089.03","6,961.28","7,049.80","0.7703","0.7045","366,141"
"2018-10-22T04:00:00.000Z","7,049.80","7,114.12","6,851.59","6,939.56","-1.56","-1.63","427,538"
"2018-10-29T04:00:00.000Z","6,939.56","7,196.39","6,939.56","7,094.12","2.23","2.16","438,306"
"2018-11-05T05:00:00.000Z","7,094.12","7,171.69","7,027.45","7,105.34","0.1582","0.0923","330,667"
"2018-11-12T05:00:00.000Z","7,105.34","7,186.31","6,968.99","7,013.88","-1.29","-1.35","509,831"
"2018-11-19T05:00:00.000Z","7,013.88","7,070.46","6,904.21","6,952.86","-0.8700","-0.9358","401,111"
"2018-11-26T05:00:00.000Z","6,952.86","7,078.37","6,952.86","6,980.24","0.3938","0.3280","452,922"
"2018-12-03T05:00:00.000Z","6,980.24","7,145.49","6,673.57","6,778.11","-2.90","-2.96","445,612"
"2018-12-10T05:00:00.000Z","6,778.11","6,908.48","6,719.17","6,845.17","0.9894","0.9235","434,861"
"2018-12-17T05:00:00.000Z","6,845.17","6,845.17","6,646.45","6,721.17","-1.81","-1.88","496,792"
"2018-12-24T05:00:00.000Z","6,721.17","6,742.48","6,536.53","6,733.97","0.1904","0.1246","132,229"
"2018-12-31T05:00:00.000Z","6,733.97","6,850.37","6,599.48","6,837.42","1.54","1.47","221,930"
"2019-01-07T05:00:00.000Z","6,837.42","7,001.94","6,778.01","6,918.18","1.18","1.12","365,054"
"2019-01-14T05:00:00.000Z","6,918.18","6,984.36","6,799.03","6,968.33","0.7249","0.6591","364,611"
"2019-01-28T05:00:00.000Z","6,809.22","7,024.45","6,734.00","7,020.22","0.7447","0.6788","369,716"
"2019-02-04T05:00:00.000Z","7,020.22","7,187.51","7,002.42","7,071.18","0.7259","0.6601","315,080"
"2019-02-11T05:00:00.000Z","7,071.18","7,261.63","7,071.18","7,236.68","2.34","2.27","293,180"
"2019-02-25T05:00:00.000Z","7,178.60","7,210.70","7,041.03","7,106.73","-1.80","-1.86","418,735"
"2019-03-04T05:00:00.000Z","7,106.73","7,211.83","7,077.93","7,104.31","-0.0341","-0.0999","364,371"
"2019-03-11T04:00:00.000Z","7,104.31","7,243.80","7,083.22","7,228.28","1.74","1.68","443,080"
"2019-03-18T04:00:00.000Z","7,228.28","7,370.61","7,192.76","7,207.59","-0.2862","-0.3521","349,936"
"2019-03-25T04:00:00.000Z","7,207.59","7,287.72","7,146.83","7,279.19","0.9934","0.9276","335,763"
"2019-04-01T04:00:00.000Z","7,279.19","7,461.39","7,279.19","7,446.87","2.30","2.24","376,665"
"2019-04-08T04:00:00.000Z","7,446.87","7,477.62","7,383.47","7,437.06","-0.1317","-0.1975","321,618"
"2019-04-15T04:00:00.000Z","7,437.06","7,485.93","7,420.27","7,459.88","0.3068","0.2410","237,213"
"2019-04-22T04:00:00.000Z","7,459.88","7,528.93","7,398.57","7,428.19","-0.4248","-0.4906","306,069"
"2019-04-29T04:00:00.000Z","7,428.19","7,456.49","7,339.45","7,380.64","-0.6401","-0.7059","274,192"
"2019-05-06T04:00:00.000Z","7,380.64","7,380.64","7,189.86","7,203.29","-2.40","-2.47","326,022"
"2019-05-13T04:00:00.000Z","7,203.29","7,354.22","7,150.89","7,348.62","2.02","1.95","381,645"
"2019-05-20T04:00:00.000Z","7,348.62","7,373.27","7,211.33","7,277.73","-0.9647","-1.03","382,614"
"2019-05-28T04:00:00.000Z","7,277.73","7,314.85","7,130.85","7,161.71","-1.59","-1.66","339,289"
"2019-06-03T04:00:00.000Z","7,161.71","7,347.41","7,079.71","7,331.94","2.38","2.31","360,816"
"2019-06-10T04:00:00.000Z","7,331.94","7,420.73","7,316.44","7,345.78","0.1888","0.1229","323,343"
"2019-06-17T04:00:00.000Z","7,345.78","7,469.19","7,324.54","7,407.50","0.8402","0.7744","433,726"
"2019-06-24T04:00:00.000Z","7,407.50","7,439.43","7,373.22","7,425.63","0.2448","0.1789","334,326"
"2019-07-01T04:00:00.000Z","7,425.63","7,622.58","7,425.63","7,553.14","1.72","1.65","297,220"
"2019-07-08T04:00:00.000Z","7,553.14","7,571.34","7,493.80","7,505.97","-0.6245","-0.6903","280,183"
"2019-07-15T04:00:00.000Z","7,505.97","7,590.07","7,475.49","7,508.70","0.0364","-0.0294","283,092"
"2019-07-22T04:00:00.000Z","7,508.70","7,598.60","7,462.73","7,549.06","0.5375","0.4717","329,172"
"2019-07-29T04:00:00.000Z","7,549.06","7,727.49","7,397.91","7,407.06","-1.88","-1.95","466,357"
"2019-08-05T04:00:00.000Z","7,407.06","7,407.06","7,153.89","7,253.85","-2.07","-2.13","442,432"
"2019-08-12T04:00:00.000Z","7,253.85","7,305.56","7,020.22","7,117.15","-1.88","-1.95","355,406"
"2019-08-19T04:00:00.000Z","7,117.15","7,231.65","7,094.98","7,094.98","-0.3115","-0.3773","327,997"
"2019-08-26T04:00:00.000Z","7,094.98","7,240.37","7,044.73","7,207.18","1.58","1.52","289,054"
"2019-09-09T04:00:00.000Z","7,282.34","7,380.29","7,199.40","7,367.46","2.22","2.16","438,456"
"2019-09-16T04:00:00.000Z","7,367.46","7,378.32","7,290.69","7,344.92","-0.3059","-0.3718","453,841"
"2019-09-23T04:00:00.000Z","7,344.92","7,440.77","7,212.96","7,426.21","1.11","1.04","307,153"
"2019-09-30T04:00:00.000Z","7,426.21","7,439.62","7,004.43","7,155.38","-3.65","-3.71","336,223"
"2019-10-07T04:00:00.000Z","7,155.38","7,250.09","7,130.52","7,247.08","1.28","1.22","403,280"
"2019-10-14T04:00:00.000Z","7,247.08","7,251.80","7,146.11","7,150.57","-1.33","-1.40","490,016"
"2019-10-21T04:00:00.000Z","7,150.57","7,338.87","7,139.38","7,324.47","2.43","2.37","373,227"
"2019-10-28T04:00:00.000Z","7,324.47","7,346.92","7,245.23","7,302.42","-0.3010","-0.3669","348,797"
"2019-11-04T05:00:00.000Z","7,302.42","7,431.94","7,302.42","7,359.38","0.7800","0.7142","306,050"
"2019-11-11T05:00:00.000Z","7,359.38","7,390.00","7,243.15","7,302.94","-0.7669","-0.8327","370,071"
"2019-11-18T05:00:00.000Z","7,302.94","7,404.47","7,197.33","7,326.81","0.3269","0.2610","340,355"
"2019-11-25T05:00:00.000Z","7,326.81","7,446.00","7,326.81","7,346.53","0.2691","0.2033","348,293"
"2019-12-02T05:00:00.000Z","7,346.53","7,400.27","7,131.16","7,239.66","-1.45","-1.52","360,236"
"2019-12-09T05:00:00.000Z","7,239.66","7,429.04","7,137.84","7,353.44","1.57","1.51","477,750"
"2019-12-16T05:00:00.000Z","7,353.44","7,599.52","7,353.18","7,582.48","3.11","3.05","464,124"
"2019-12-23T05:00:00.000Z","7,582.48","7,665.40","7,559.63","7,644.90","0.8232","0.7574","103,593"
"2019-12-30T05:00:00.000Z","7,644.90","7,644.90","7,532.38","7,622.40","-0.2943","-0.3601","144,828"
"2020-01-06T05:00:00.000Z","7,622.40","7,631.96","7,524.96","7,587.85","-0.4533","-0.5191","293,880"
"2020-01-13T05:00:00.000Z","7,587.85","7,689.67","7,582.51","7,674.56","1.14","1.08","329,147"
"2020-01-27T05:00:00.000Z","7,585.98","7,585.98","7,275.03","7,286.01","-5.06","-5.13","313,264"
"2020-02-03T05:00:00.000Z","7,286.01","7,533.57","7,285.16","7,466.70","2.48","2.41","354,136"
"2020-02-10T05:00:00.000Z","7,466.70","7,547.65","7,403.69","7,409.13","-0.7710","-0.8368","331,812"
"2020-02-24T05:00:00.000Z","7,403.92","7,403.92","6,460.08","6,580.61","-11.18","-11.25","624,292"
"2020-03-02T05:00:00.000Z","6,580.61","6,856.27","6,431.44","6,462.55","-1.79","-1.86","667,455"
"2020-03-09T04:00:00.000Z","6,462.55","6,462.55","5,237.48","5,366.11","-16.97","-17.03","947,908"
"2020-03-16T04:00:00.000Z","5,366.11","5,419.30","4,898.79","5,190.78","-3.27","-3.33","1,043,615"
"2020-03-23T04:00:00.000Z","5,190.78","5,815.73","4,922.76","5,510.33","6.16","6.09","806,232"
"2020-03-30T04:00:00.000Z","5,510.33","5,702.66","5,351.84","5,415.50","-1.72","-1.79","714,012"
"2020-04-06T04:00:00.000Z","5,415.50","5,842.66","5,415.50","5,842.66","7.89","7.82","516,027"
"2020-04-13T04:00:00.000Z","5,842.66","5,894.71","5,576.35","5,786.96","-0.9533","-1.02","470,547"
"2020-04-20T04:00:00.000Z","5,786.96","5,843.61","5,641.03","5,752.23","-0.6001","-0.6660","426,826"
"2020-04-27T04:00:00.000Z","5,752.23","6,151.58","5,746.06","5,763.06","0.1883","0.1225","599,187"
"2020-05-04T04:00:00.000Z","5,763.06","5,941.86","5,702.03","5,935.98","3.00","2.93","394,655"
"2020-05-11T04:00:00.000Z","5,935.98","6,012.98","5,661.14","5,799.77","-2.29","-2.36","511,676"
"2020-05-18T04:00:00.000Z","5,799.77","6,111.96","5,799.61","5,993.28","3.34","3.27","485,735"
"2020-05-26T04:00:00.000Z","5,993.28","6,234.04","5,993.28","6,076.60","1.39","1.32","624,476"
"2020-06-01T04:00:00.000Z","6,076.60","6,489.99","6,076.60","6,484.30","6.71","6.64","560,355"
"2020-06-08T04:00:00.000Z","6,484.30","6,511.84","5,993.20","6,105.18","-5.85","-5.91","588,421"
"2020-06-15T04:00:00.000Z","6,105.18","6,319.81","5,952.44","6,292.60","3.07","3.00","519,255"
"2020-06-22T04:00:00.000Z","6,292.60","6,342.19","6,029.25","6,159.30","-2.12","-2.18","371,635"
"2020-06-29T04:00:00.000Z","6,159.30","6,262.71","6,084.48","6,157.30","-0.0325","-0.0983","358,297"
"2020-07-06T04:00:00.000Z","6,157.30","6,304.19","6,003.19","6,095.41","-1.01","-1.07","327,866"
"2020-07-13T04:00:00.000Z","6,095.41","6,323.55","6,093.23","6,290.30","3.20","3.13","327,667"
"2020-07-20T04:00:00.000Z","6,290.30","6,315.68","6,099.06","6,123.82","-2.65","-2.71","327,859"
"2020-07-27T04:00:00.000Z","6,123.82","6,155.06","5,897.76","5,897.76","-3.69","-3.76","427,246"
"2020-08-03T04:00:00.000Z","5,897.76","6,111.50","5,857.06","6,032.18","2.28","2.21","360,083"
"2020-08-10T04:00:00.000Z","6,032.18","6,297.20","6,028.49","6,090.04","0.9592","0.8934","302,691"
"2020-08-17T04:00:00.000Z","6,090.04","6,162.66","5,948.80","6,001.89","-1.45","-1.51","247,747"
"2020-08-24T04:00:00.000Z","6,001.89","6,173.48","5,962.46","5,963.57","-0.6385","-0.7043","281,110"
"2020-08-31T04:00:00.000Z","5,963.57","5,996.24","5,778.40","5,799.08","-2.76","-2.82","308,299"
"2020-09-14T04:00:00.000Z","6,032.09","6,123.69","5,998.69","6,007.05","3.59","3.52","421,533"
"2020-09-21T04:00:00.000Z","6,007.05","6,007.05","5,771.49","5,842.67","-2.74","-2.80","397,918"
"2020-09-28T04:00:00.000Z","5,842.67","5,954.42","5,809.61","5,902.12","1.02","0.9517","385,516"
"2020-10-05T04:00:00.000Z","5,902.12","6,040.47","5,902.12","6,016.65","1.94","1.87","372,853"
"2020-10-12T04:00:00.000Z","6,016.65","6,037.08","5,786.20","5,919.58","-1.61","-1.68","333,557"
"2020-10-19T04:00:00.000Z","5,919.58","5,959.67","5,716.40","5,860.28","-1.00","-1.07","324,931"
"2020-10-26T04:00:00.000Z","5,860.28","5,868.36","5,525.52","5,577.27","-4.83","-4.90","452,291"
"2020-11-02T05:00:00.000Z","5,577.27","5,950.22","5,554.73","5,910.02","5.97","5.90","408,885"
"2020-11-09T05:00:00.000Z","5,910.02","6,397.28","5,910.02","6,316.39","6.88","6.81","703,665"
"2020-11-16T05:00:00.000Z","6,316.39","6,463.51","6,308.99","6,351.45","0.5551","0.4892","523,956"
"2020-11-23T05:00:00.000Z","6,351.45","6,468.73","6,302.22","6,367.58","0.2540","0.1881","555,208"
"2020-11-30T05:00:00.000Z","6,367.58","6,559.18","6,263.60","6,550.23","2.87","2.80","514,809"
"2020-12-07T05:00:00.000Z","6,550.23","6,640.74","6,518.37","6,546.75","-0.0531","-0.1189","475,197"
"2020-12-14T05:00:00.000Z","6,546.75","6,604.54","6,484.04","6,529.18","-0.2684","-0.3342","439,404"
"2020-12-21T05:00:00.000Z","6,529.18","6,530.28","6,315.34","6,502.11","-0.4146","-0.4804","297,809"
"2020-12-28T05:00:00.000Z","6,502.11","6,676.60","6,439.41","6,460.52","-0.6396","-0.7055","156,642"
"2021-01-04T05:00:00.000Z","6,460.52","6,903.61","6,460.52","6,873.26","6.39","6.32","471,399"
"2021-01-11T05:00:00.000Z","6,873.26","6,873.26","6,676.55","6,735.71","-2.00","-2.07","339,082"
"2021-01-25T05:00:00.000Z","6,695.07","6,714.61","6,397.24","6,407.46","-4.87","-4.94","416,370"
"2021-02-01T05:00:00.000Z","6,407.46","6,573.10","6,407.46","6,489.33","1.28","1.21","415,694"
"2021-02-08T05:00:00.000Z","6,489.33","6,589.79","6,481.02","6,589.79","1.55","1.48","326,674"
"2021-02-22T05:00:00.000Z","6,624.02","6,702.88","6,465.57","6,483.43","-1.61","-1.68","527,309"
"2021-03-01T05:00:00.000Z","6,483.43","6,710.80","6,483.43","6,630.52","2.27","2.20","429,453"
"2021-03-08T05:00:00.000Z","6,630.52","6,786.80","6,612.74","6,761.47","1.97","1.91","407,234"
"2021-03-15T04:00:00.000Z","6,761.47","6,812.78","6,664.56","6,708.71","-0.7803","-0.8461","499,642"
"2021-03-22T04:00:00.000Z","6,708.71","6,742.14","6,618.61","6,740.59","0.4752","0.4094","405,166"
"2021-03-29T04:00:00.000Z","6,740.59","6,792.23","6,705.42","6,737.30","-0.0488","-0.1146","273,603"
"2021-04-05T04:00:00.000Z","6,737.30","6,949.56","6,737.30","6,915.75","2.65","2.58","288,581"
"2021-04-12T04:00:00.000Z","6,915.75","7,037.65","6,853.75","7,019.53","1.50","1.43","320,233"
"2021-04-19T04:00:00.000Z","7,019.53","7,040.26","6,857.07","6,938.56","-1.15","-1.22","319,699"
"2021-04-26T04:00:00.000Z","6,938.56","7,019.76","6,913.39","6,969.81","0.4504","0.3846","364,883"
"2021-05-03T04:00:00.000Z","6,969.81","7,143.46","6,912.28","7,129.71","2.29","2.23","303,567"
"2021-05-10T04:00:00.000Z","7,129.71","7,164.18","6,823.60","7,043.61","-1.21","-1.27","392,361"
"2021-05-17T04:00:00.000Z","7,043.61","7,102.57","6,897.06","7,018.05","-0.3629","-0.4287","347,791"
"2021-05-24T04:00:00.000Z","7,018.05","7,067.60","6,998.19","7,022.61","0.0650","-0.0008","387,120"
"2021-06-01T04:00:00.000Z","7,022.61","7,122.54","7,013.85","7,069.04","0.6612","0.5953","233,944"
"2021-06-07T04:00:00.000Z","7,069.04","7,140.70","7,042.19","7,134.06","0.9198","0.8540","317,215"
"2021-06-14T04:00:00.000Z","7,134.06","7,217.54","7,008.74","7,017.47","-1.63","-1.70","433,285"
"2021-06-21T04:00:00.000Z","7,017.47","7,139.08","6,948.63","7,136.07","1.69","1.62","324,576"
"2021-06-28T04:00:00.000Z","7,136.07","7,162.16","7,010.57","7,123.27","-0.1794","-0.2452","298,422"
"2021-07-12T04:00:00.000Z","7,121.88","7,152.44","6,978.06","7,008.09","-1.62","-1.68","289,445"
"2021-07-19T04:00:00.000Z","7,008.09","7,033.27","6,813.03","7,027.58","0.2781","0.2123","350,332"
"2021-07-26T04:00:00.000Z","7,027.58","7,093.93","6,929.64","7,032.30","0.0672","0.0013","309,994"
"2021-08-02T04:00:00.000Z","7,032.30","7,142.54","7,032.30","7,122.95","1.29","1.22","324,449"
"2021-08-09T04:00:00.000Z","7,122.95","7,224.46","7,089.74","7,218.71","1.34","1.28","269,684"
"2021-08-16T04:00:00.000Z","7,218.71","7,218.71","6,993.06","7,087.90","-1.81","-1.88","304,017"
"2021-08-23T04:00:00.000Z","7,087.90","7,157.60","7,076.06","7,148.01","0.8481","0.7822","240,321"
"2021-08-30T04:00:00.000Z","7,148.01","7,187.34","7,092.03","7,138.35","-0.1351","-0.2010","256,028"
"2021-09-13T04:00:00.000Z","7,029.20","7,092.69","6,941.69","6,963.64","-2.45","-2.51","429,101"
"2021-09-20T04:00:00.000Z","6,963.64","7,131.43","6,828.28","7,051.48","1.26","1.20","388,922"
"2021-09-27T04:00:00.000Z","7,051.48","7,159.61","6,989.64","7,027.07","-0.3462","-0.4120","421,233"
"2021-10-04T04:00:00.000Z","7,027.07","7,109.34","6,945.50","7,095.55","0.9745","0.9087","397,066"
"2021-10-11T04:00:00.000Z","7,095.55","7,243.85","7,063.43","7,234.03","1.95","1.89","416,455"
"2021-10-18T04:00:00.000Z","7,234.03","7,235.19","7,180.20","7,204.55","-0.4075","-0.4733","298,124"
"2021-10-25T04:00:00.000Z","7,204.55","7,281.17","7,192.05","7,237.57","0.4583","0.3925","341,864"
"2021-11-01T04:00:00.000Z","7,237.57","7,331.25","7,235.32","7,303.96","0.9173","0.8515","389,548"
"2021-11-08T05:00:00.000Z","7,303.96","7,402.68","7,268.79","7,347.91","0.6017","0.5359","366,549"
"2021-11-15T05:00:00.000Z","7,347.91","7,368.25","7,198.76","7,223.57","-1.69","-1.76","410,292"
"2021-11-22T05:00:00.000Z","7,223.57","7,311.94","7,042.12","7,044.03","-2.49","-2.55","400,565"
"2021-11-29T05:00:00.000Z","7,044.03","7,196.05","6,989.66","7,122.32","1.11","1.05","471,416"
"2021-12-06T05:00:00.000Z","7,122.32","7,378.92","7,122.32","7,291.78","2.38","2.31","334,552"
"2021-12-13T05:00:00.000Z","7,291.78","7,309.23","7,166.83","7,269.92","-0.2998","-0.3656","499,940"
"2021-12-20T05:00:00.000Z","7,269.92","7,403.65","7,101.04","7,372.10","1.41","1.34","267,185"
"2021-12-27T05:00:00.000Z","7,372.10","7,457.14","7,357.10","7,384.54","0.1687","0.1029","89,171"
"2022-01-03T05:00:00.000Z","7,384.54","7,529.97","7,384.54","7,485.28","1.36","1.30","319,061"
"2022-01-10T05:00:00.000Z","7,485.28","7,568.16","7,422.94","7,542.95","0.7705","0.7046","421,126"
"2022-01-24T05:00:00.000Z","7,494.13","7,596.70","7,283.38","7,466.07","-1.02","-1.09","546,891"
"2022-01-31T05:00:00.000Z","7,466.07","7,605.75","7,450.89","7,516.40","0.6741","0.6083","402,183"
"2022-02-07T05:00:00.000Z","7,516.40","7,687.27","7,508.48","7,661.02","1.92","1.86","461,019"
"2022-02-14T05:00:00.000Z","7,661.02","7,661.02","7,483.36","7,513.62","-1.92","-1.99","440,656"
"2022-02-28T05:00:00.000Z","7,489.46","7,499.33","6,980.86","6,987.14","-7.01","-7.07","703,974"
"2022-03-07T05:00:00.000Z","6,987.14","7,260.40","6,787.98","7,155.64","2.41","2.35","690,230"
"2022-03-14T04:00:00.000Z","7,155.64","7,406.13","7,075.82","7,404.73","3.48","3.42","705,700"
"2022-03-21T04:00:00.000Z","7,404.73","7,521.14","7,402.60","7,483.35","1.06","0.9959","425,034"
"2022-03-28T04:00:00.000Z","7,483.35","7,595.42","7,471.47","7,537.90","0.7289","0.6631","467,030"
"2022-04-04T04:00:00.000Z","7,537.90","7,669.56","7,532.23","7,669.56","1.75","1.68","522,121"
"2022-04-11T04:00:00.000Z","7,669.56","7,669.56","7,543.03","7,616.38","-0.6934","-0.7592","327,219"
"2022-04-18T04:00:00.000Z","7,616.38","7,656.47","7,521.68","7,521.68","-1.24","-1.31","348,499"
"2022-04-25T04:00:00.000Z","7,521.68","7,569.80","7,339.53","7,544.55","0.3040","0.2382","443,667"
"2022-05-02T04:00:00.000Z","7,544.55","7,619.39","7,354.06","7,387.94","-2.08","-2.14","404,847"
"2022-05-09T04:00:00.000Z","7,387.94","7,421.95","7,158.53","7,418.15","0.4089","0.3431","472,177"
"2022-05-16T04:00:00.000Z","7,418.15","7,538.68","7,228.67","7,389.98","-0.3797","-0.4456","428,033"
"2022-05-23T04:00:00.000Z","7,389.98","7,597.64","7,389.98","7,585.46","2.65","2.58","423,004"
"2022-06-06T04:00:00.000Z","7,532.95","7,646.66","7,294.20","7,317.52","-3.53","-3.60","390,429"
"2022-06-13T04:00:00.000Z","7,317.52","7,317.52","6,998.17","7,016.25","-4.12","-4.18","597,631"
"2022-06-27T04:00:00.000Z","7,208.81","7,362.37","7,101.38","7,168.65","2.17","2.11","383,428"
"2022-07-11T04:00:00.000Z","7,196.24","7,216.90","7,007.09","7,159.01","-0.1345","-0.2003","396,902"
"2022-07-18T04:00:00.000Z","7,159.01","7,347.60","7,159.01","7,276.37","1.64","1.57","379,624"
"2022-07-25T04:00:00.000Z","7,276.37","7,441.20","7,242.90","7,423.43","2.02","1.96","425,722"
"2022-08-01T04:00:00.000Z","7,450.24","7,491.74","7,372.71","7,439.74","0.2197","0.1539","350,811"
"2022-08-08T04:00:00.000Z","7,439.74","7,520.72","7,439.74","7,500.89","0.8219","0.7561","316,852"
"2022-08-15T04:00:00.000Z","7,500.89","7,578.85","7,463.51","7,550.37","0.6597","0.5938","281,347"
"2022-08-22T04:00:00.000Z","7,550.37","7,550.41","7,410.40","7,427.31","-1.63","-1.70","289,333"
"2022-08-29T04:00:00.000Z","7,427.31","7,486.40","7,131.69","7,281.19","-1.97","-2.03","384,164"
"2022-09-12T04:00:00.000Z","7,351.07","7,514.04","7,236.17","7,236.68","-0.6113","-0.6771","562,128"
"2022-09-19T04:00:00.000Z","7,236.68","7,326.54","6,981.50","7,018.60","-3.01","-3.08","293,566"
"2022-09-26T04:00:00.000Z","7,018.60","7,073.96","6,829.29","6,893.81","-1.78","-1.84","624,733"
"2022-10-03T04:00:00.000Z","6,893.81","7,088.17","6,797.37","6,991.09","1.41","1.35","501,016"
"2022-10-10T04:00:00.000Z","6,991.09","6,999.20","6,707.62","6,858.79","-1.89","-1.96","470,411"
"2022-10-17T04:00:00.000Z","6,858.79","7,017.40","6,850.43","6,969.73","1.62","1.55","406,630"
"2022-10-24T04:00:00.000Z","6,969.73","7,093.05","6,914.66","7,047.67","1.12","1.05","389,999"
"2022-10-31T04:00:00.000Z","7,047.67","7,376.23","7,030.12","7,334.84","4.07","4.01","413,195"
"2022-11-07T05:00:00.000Z","7,334.84","7,408.61","7,244.83","7,318.04","-0.2290","-0.2949","390,894"
"2022-11-14T05:00:00.000Z","7,318.04","7,423.51","7,294.75","7,385.52","0.9221","0.8563","403,512"
"2022-11-21T05:00:00.000Z","7,385.52","7,498.34","7,343.37","7,486.67","1.37","1.30","263,705"
"2022-11-28T05:00:00.000Z","7,486.67","7,599.70","7,420.00","7,556.23","0.9291","0.8633","395,511"
"2022-12-05T05:00:00.000Z","7,556.23","7,598.21","7,431.44","7,476.63","-1.05","-1.12","342,100"
"2022-12-12T05:00:00.000Z","7,476.63","7,553.36","7,305.72","7,332.12","-1.93","-2.00","449,088"
"2022-12-19T05:00:00.000Z","7,332.12","7,540.31","7,302.82","7,473.01","1.92","1.86","244,167"
"2022-12-27T05:00:00.000Z","7,473.01","7,547.00","7,434.64","7,451.74","-0.2846","-0.3504","102,280"
"2023-01-03T05:00:00.000Z","7,451.74","7,700.81","7,448.69","7,699.49","3.32","3.26","336,534"
"2023-01-09T05:00:00.000Z","7,699.49","7,864.95","7,684.35","7,844.07","1.88","1.81","431,494"
"2023-01-23T05:00:00.000Z","7,770.59","7,811.17","7,710.78","7,765.15","-1.01","-1.07","357,222"
"2023-01-30T05:00:00.000Z","7,765.15","7,906.58","7,708.34","7,901.80","1.76","1.69","432,716"
"2023-02-06T05:00:00.000Z","7,901.80","7,949.57","7,808.39","7,882.45","-0.2449","-0.3107","406,567"
"2023-02-13T05:00:00.000Z","7,882.45","8,047.06","7,881.86","8,004.36","1.55","1.48","411,202"
"2023-02-27T05:00:00.000Z","7,878.66","7,974.40","7,854.82","7,947.11","-0.7152","-0.7811","473,855"
"2023-03-06T05:00:00.000Z","7,947.11","7,959.77","7,708.32","7,748.35","-2.50","-2.57","409,643"
"2023-03-13T04:00:00.000Z","7,748.35","7,752.43","7,309.30","7,335.40","-5.33","-5.40","671,038"
"2023-03-20T04:00:00.000Z","7,335.40","7,585.57","7,206.82","7,405.45","0.9550","0.8891","486,933"
"2023-03-27T04:00:00.000Z","7,405.45","7,654.41","7,405.45","7,631.74","3.06","2.99","410,949"
"2023-04-03T04:00:00.000Z","7,631.74","7,742.11","7,631.74","7,741.56","1.44","1.37","296,267"
"2023-04-10T04:00:00.000Z","7,741.56","7,904.04","7,741.56","7,871.91","1.68","1.62","338,256"
"2023-04-17T04:00:00.000Z","7,871.91","7,936.11","7,871.43","7,914.13","0.5363","0.4705","325,364"
"2023-04-24T04:00:00.000Z","7,914.13","7,927.11","7,791.63","7,870.57","-0.5504","-0.6162","390,050"
"2023-05-01T04:00:00.000Z","7,870.57","7,898.69","7,691.25","7,778.38","-1.17","-1.24","337,245"
"2023-05-08T04:00:00.000Z","7,778.38","7,792.35","7,679.61","7,754.62","-0.3055","-0.3713","329,630"
"2023-05-15T04:00:00.000Z","7,754.62","7,804.93","7,713.03","7,756.87","0.0290","-0.0368","390,846"
"2023-05-22T04:00:00.000Z","7,756.87","7,800.85","7,556.92","7,627.20","-1.67","-1.74","443,648"
"2023-05-30T04:00:00.000Z","7,627.20","7,628.12","7,445.30","7,607.28","-0.2612","-0.3270","475,834"
"2023-06-05T04:00:00.000Z","7,607.28","7,654.84","7,546.50","7,562.36","-0.5905","-0.6563","294,920"
"2023-06-12T04:00:00.000Z","7,562.36","7,687.61","7,556.32","7,642.72","1.06","0.9968","509,222"
"2023-06-26T04:00:00.000Z","7,461.87","7,551.59","7,401.18","7,531.53","-1.45","-1.52","350,700"
"2023-07-03T04:00:00.000Z","7,531.53","7,561.26","7,229.57","7,256.94","-3.65","-3.71","253,819"
"2023-07-10T04:00:00.000Z","7,256.94","7,480.43","7,238.72","7,434.57","2.45","2.38","341,768"
"2023-07-17T04:00:00.000Z","7,434.57","7,674.23","7,395.67","7,663.73","3.08","3.02","293,736"
"2023-07-24T04:00:00.000Z","7,663.73","7,716.82","7,630.00","7,694.27","0.3985","0.3327","345,119"
"2023-07-31T04:00:00.000Z","7,694.27","7,722.92","7,437.88","7,564.37","-1.69","-1.75","366,771"
"2023-08-07T04:00:00.000Z","7,564.37","7,622.92","7,487.47","7,524.16","-0.5316","-0.5974","357,991"
"2023-08-14T04:00:00.000Z","7,524.16","7,530.25","7,215.76","7,262.43","-3.48","-3.54","331,615"
"2023-08-21T04:00:00.000Z","7,262.43","7,389.40","7,250.88","7,338.58","1.05","0.9827","287,711"
"2023-08-28T04:00:00.000Z","7,338.58","7,509.36","7,338.58","7,464.54","1.72","1.65","350,226"
"2023-09-11T04:00:00.000Z","7,478.19","7,745.82","7,467.35","7,711.38","3.31","3.24","447,511"
"2023-09-18T04:00:00.000Z","7,711.38","7,746.53","7,640.80","7,683.91","-0.3562","-0.4220","385,579"
"2023-09-25T04:00:00.000Z","7,683.91","7,684.82","7,524.11","7,608.08","-0.9869","-1.05","307,633"
"2023-10-02T04:00:00.000Z","7,608.08","7,630.41","7,384.20","7,494.58","-1.49","-1.56","342,504"
"2023-10-09T04:00:00.000Z","7,494.58","7,687.91","7,473.19","7,599.60","1.40","1.34","332,446"
"2023-10-16T04:00:00.000Z","7,599.60","7,682.63","7,395.57","7,402.14","-2.60","-2.66","340,032"
"2023-10-23T04:00:00.000Z","7,402.14","7,428.11","7,279.86","7,291.28","-1.50","-1.56","332,315"
"2023-10-30T04:00:00.000Z","7,291.28","7,482.73","7,291.28","7,417.73","1.73","1.67","431,376"
"2023-11-06T05:00:00.000Z","7,417.73","7,465.31","7,319.96","7,360.55","-0.7709","-0.8367","271,817"
"2023-11-13T05:00:00.000Z","7,360.55","7,533.77","7,360.55","7,504.25","1.95","1.89","312,454"
"2023-11-20T05:00:00.000Z","7,504.25","7,506.00","7,446.68","7,488.20","-0.2139","-0.2797","163,712"
"2023-11-27T05:00:00.000Z","7,488.20","7,538.71","7,387.09","7,529.35","0.5495","0.4837","281,903"
"2023-12-04T05:00:00.000Z","7,529.35","7,581.32","7,460.21","7,554.47","0.3336","0.2678","384,181"
"2023-12-11T05:00:00.000Z","7,554.47","7,724.81","7,493.59","7,576.36","0.2898","0.2239","420,069"
"2023-12-18T05:00:00.000Z","7,576.36","7,762.88","7,557.24","7,697.51","1.60","1.53","358,616"
"2023-12-26T05:00:00.000Z","7,697.51","7,759.74","7,697.51","7,733.24","0.4642","0.3984","76,013"
"2024-01-02T05:00:00.000Z","7,733.24","7,764.37","7,642.86","7,689.61","-0.5642","-0.6300","249,889"
"2024-01-08T05:00:00.000Z","7,689.61","7,717.50","7,576.59","7,624.93","-0.8411","-0.9069","373,446"
"2024-01-22T05:00:00.000Z","7,461.93","7,651.75","7,455.97","7,635.09","0.1332","0.0674","344,147"
"2024-01-29T05:00:00.000Z","7,635.09","7,689.69","7,607.90","7,615.54","-0.2561","-0.3219","327,301"
"2024-02-05T05:00:00.000Z","7,615.54","7,694.90","7,557.35","7,572.58","-0.5641","-0.6299","454,458"
"2024-02-12T05:00:00.000Z","7,572.58","7,720.72","7,492.98","7,711.71","1.84","1.77","408,830"
"2024-02-26T05:00:00.000Z","7,706.28","7,710.78","7,620.37","7,682.50","-0.3788","-0.4446","559,688"
"2024-03-04T05:00:00.000Z","7,682.50","7,711.78","7,598.47","7,659.74","-0.2963","-0.3621","484,467"
"2024-03-11T04:00:00.000Z","7,659.74","7,785.73","7,612.62","7,727.42","0.8836","0.8178","746,331"
"2024-03-18T04:00:00.000Z","7,727.42","7,961.43","7,699.57","7,930.92","2.63","2.57","556,063"
"2024-03-25T04:00:00.000Z","7,930.92","7,975.38","7,891.72","7,952.62","0.2736","0.2078","441,989"
"2024-04-01T04:00:00.000Z","7,952.62","8,015.63","7,882.68","7,911.16","-0.5213","-0.5872","434,813"
"2024-04-08T04:00:00.000Z","7,911.16","8,044.98","7,886.89","7,995.58","1.07","1.00","519,162"
"2024-04-15T04:00:00.000Z","7,995.58","8,009.52","7,793.91","7,895.85","-1.25","-1.31","502,332"
"2024-04-22T04:00:00.000Z","7,895.85","8,146.79","7,895.85","8,139.83","3.09","3.02","571,736"
"2024-04-29T04:00:00.000Z","8,139.83","8,248.73","8,111.38","8,213.49","0.9049","0.8391","376,873"
"2024-05-06T04:00:00.000Z","8,213.49","8,455.77","8,213.49","8,433.76","2.68","2.62","427,015"
"2024-05-13T04:00:00.000Z","8,433.76","8,474.41","8,401.40","8,420.26","-0.1601","-0.2259","517,235"
"2024-05-20T04:00:00.000Z","8,420.26","8,451.64","8,263.77","8,317.59","-1.22","-1.29","503,521"
"2024-05-28T04:00:00.000Z","8,317.59","8,335.46","8,148.49","8,275.38","-0.5075","-0.5733","543,425"
"2024-06-03T04:00:00.000Z","8,275.38","8,371.72","8,200.26","8,245.37","-0.3626","-0.4285","473,994"
"2024-06-10T04:00:00.000Z","8,245.37","8,261.74","8,112.93","8,146.86","-1.19","-1.26","471,175"
"2024-06-17T04:00:00.000Z","8,146.86","8,282.66","8,120.89","8,237.72","1.12","1.05","433,870"
"2024-06-24T04:00:00.000Z","8,237.72","8,307.93","8,162.68","8,164.12","-0.8934","-0.9593","442,266"
"2024-07-01T04:00:00.000Z","8,164.12","8,279.75","8,106.79","8,203.93","0.4876","0.4218","343,711"
"2024-07-08T04:00:00.000Z","8,203.93","8,276.31","8,132.49","8,252.91","0.5970","0.5312","353,062"
"2024-07-15T04:00:00.000Z","8,252.91","8,267.78","8,126.07","8,155.72","-1.18","-1.24","306,912"
"2024-07-22T04:00:00.000Z","8,155.72","8,290.33","8,056.01","8,285.71","1.59","1.53","396,454"
"2024-07-29T04:00:00.000Z","8,285.71","8,405.24","8,158.03","8,174.71","-1.34","-1.41","447,177"
"2024-08-05T04:00:00.000Z","8,174.71","8,203.46","7,915.94","8,168.10","-0.0809","-0.1467","537,664"
"2024-08-12T04:00:00.000Z","8,168.10","8,366.98","8,168.10","8,311.41","1.75","1.69","417,836"
"2024-08-19T04:00:00.000Z","8,311.41","8,374.02","8,263.01","8,327.78","0.1970","0.1311","336,801"
"2024-08-26T04:00:00.000Z","8,327.78","8,414.37","8,322.28","8,376.63","0.5866","0.5208","310,540"
"2024-09-09T04:00:00.000Z","8,181.47","8,301.36","8,169.96","8,273.09","-1.24","-1.30","391,718"
"2024-09-16T04:00:00.000Z","8,273.09","8,370.47","8,223.76","8,229.99","-0.5210","-0.5868","443,526"
"2024-09-23T04:00:00.000Z","8,229.99","8,334.55","8,210.07","8,320.76","1.10","1.04","402,248"
"2024-09-30T04:00:00.000Z","8,320.76","8,332.68","8,226.18","8,280.63","-0.4823","-0.5481","420,455"
"2024-10-07T04:00:00.000Z","8,280.63","8,323.41","8,184.03","8,253.65","-0.3258","-0.3916","309,580"
"2024-10-14T04:00:00.000Z","8,253.65","8,395.58","8,237.70","8,358.25","1.27","1.20","417,290"
"2024-10-21T04:00:00.000Z","8,358.25","8,391.81","8,246.23","8,248.84","-1.31","-1.37","400,592"
"2024-10-28T04:00:00.000Z","8,248.84","8,325.54","8,071.72","8,177.15","-0.8691","-0.9349","510,094"
"2024-11-04T05:00:00.000Z","8,177.15","8,301.78","8,060.94","8,072.39","-1.28","-1.35","377,219"
"2024-11-11T05:00:00.000Z","8,072.39","8,148.18","7,995.87","8,063.61","-0.1088","-0.1746","328,561"
"2024-11-18T05:00:00.000Z","8,063.61","8,274.84","8,052.02","8,262.08","2.46","2.40","314,177"
"2024-11-25T05:00:00.000Z","8,262.08","8,307.27","8,261.78","8,291.68","0.3583","0.2924","195,208"